Div,Date,Time,HomeTeam,AwayTeam,FTHG,FTAG,FTR,HS,AS,HST,AST,HC,AC,HY,AY,HR,AR
SP1,12/08/2023,21:00,Alaves,Villarreal,0,2,A,8,18,3,5,3,3,1,4,1,0
SP1,12/08/2023,21:00,Almeria,Valencia,3,0,H,17,11,6,3,4,2,2,3,0,0
SP1,12/08/2023,21:00,Athletic Bilbao,Sevilla,2,1,H,14,13,5,4,5,7,3,2,0,0
SP1,12/08/2023,21:00,Atletico Madrid,Real Sociedad,1,2,A,11,15,4,5,6,6,4,1,0,0
SP1,12/08/2023,21:00,Barcelona,Real Madrid,0,0,D,8,8,3,3,7,5,1,4,0,0
SP1,12/08/2023,21:00,Real Betis,Rayo Vallecano,3,1,H,17,15,6,4,8,4,2,3,0,0
SP1,12/08/2023,21:00,Celta Vigo,Osasuna,2,2,D,14,17,5,5,9,3,3,2,0,0
SP1,12/08/2023,21:00,Cadiz,Mallorca,1,0,H,11,10,4,3,3,2,4,1,0,0
SP1,12/08/2023,21:00,Getafe,Las Palmas,0,1,A,8,12,3,4,4,7,1,4,0,0
SP1,12/08/2023,21:00,Girona,Granada,3,2,H,17,14,6,5,5,6,2,3,0,0
SP1,19/08/2023,21:00,Alaves,Valencia,2,0,H,15,11,5,3,4,3,2,4,0,0
SP1,19/08/2023,21:00,Villarreal,Sevilla,3,1,H,18,13,6,4,9,2,1,3,0,0
SP1,19/08/2023,21:00,Almeria,Real Sociedad,1,2,A,12,15,4,5,5,7,3,2,0,0
SP1,19/08/2023,21:00,Athletic Bilbao,Real Madrid,0,0,D,9,8,3,3,6,6,4,1,0,0
SP1,19/08/2023,21:00,Atletico Madrid,Rayo Vallecano,3,1,H,18,15,6,4,7,5,1,4,0,0
SP1,19/08/2023,21:00,Barcelona,Osasuna,2,2,D,15,17,5,5,8,4,2,3,0,0
SP1,19/08/2023,21:00,Real Betis,Mallorca,1,0,H,12,10,4,3,9,3,3,2,0,0
SP1,19/08/2023,21:00,Celta Vigo,Las Palmas,0,1,A,9,12,3,4,3,2,4,1,0,0
SP1,19/08/2023,21:00,Cadiz,Granada,3,2,H,18,14,6,5,4,7,1,4,0,0
SP1,19/08/2023,21:00,Getafe,Girona,2,0,H,15,12,5,3,5,6,2,3,0,0
SP1,26/08/2023,21:00,Alaves,Sevilla,0,1,A,10,13,3,4,5,3,3,4,0,0
SP1,26/08/2023,21:00,Valencia,Real Sociedad,2,2,D,16,15,5,5,9,2,1,3,0,0
SP1,26/08/2023,21:00,Villarreal,Real Madrid,1,0,H,13,8,4,3,3,7,2,2,0,0
SP1,26/08/2023,21:00,Almeria,Rayo Vallecano,3,1,H,19,15,6,4,6,6,4,1,0,0
SP1,26/08/2023,21:00,Athletic Bilbao,Osasuna,2,2,D,16,17,5,5,7,5,1,4,0,0
SP1,26/08/2023,21:00,Atletico Madrid,Mallorca,1,0,H,13,10,4,3,8,4,2,3,0,0
SP1,26/08/2023,21:00,Barcelona,Las Palmas,0,1,A,10,12,3,4,9,3,3,2,0,0
SP1,26/08/2023,21:00,Real Betis,Granada,3,2,H,19,14,6,5,3,2,4,1,0,0
SP1,26/08/2023,21:00,Celta Vigo,Girona,2,0,H,16,12,5,3,4,7,1,4,0,0
SP1,26/08/2023,21:00,Cadiz,Getafe,1,1,D,13,14,4,4,5,6,2,3,0,0
SP1,02/09/2023,21:00,Alaves,Real Sociedad,2,2,D,17,15,5,5,6,3,4,4,0,0
SP1,02/09/2023,21:00,Sevilla,Real Madrid,1,0,H,14,8,4,3,9,2,1,3,0,0
SP1,02/09/2023,21:00,Valencia,Rayo Vallecano,0,1,A,11,15,3,4,3,7,2,2,0,0
SP1,02/09/2023,21:00,Villarreal,Osasuna,3,2,H,20,17,6,5,4,6,3,1,0,0
SP1,02/09/2023,21:00,Almeria,Mallorca,1,0,H,14,10,4,3,7,5,1,4,0,0
SP1,02/09/2023,21:00,Athletic Bilbao,Las Palmas,0,1,A,11,12,3,4,8,4,2,3,0,0
SP1,02/09/2023,21:00,Atletico Madrid,Granada,3,2,H,20,14,6,5,9,3,3,2,0,0
SP1,02/09/2023,21:00,Barcelona,Girona,2,0,H,17,12,5,3,3,2,4,1,0,0
SP1,02/09/2023,21:00,Real Betis,Getafe,1,1,D,14,14,4,4,4,7,1,4,0,0
SP1,02/09/2023,21:00,Celta Vigo,Cadiz,0,2,A,11,16,3,5,5,6,2,3,0,0
SP1,09/09/2023,21:00,Alaves,Real Madrid,0,0,D,12,8,3,3,7,3,1,4,0,0
SP1,09/09/2023,21:00,Real Sociedad,Rayo Vallecano,0,1,A,12,15,3,4,9,2,1,3,0,0
SP1,09/09/2023,21:00,Sevilla,Osasuna,3,2,H,21,17,6,5,3,7,2,2,0,0
SP1,09/09/2023,21:00,Valencia,Mallorca,2,0,H,18,10,5,3,4,6,3,1,0,0
SP1,09/09/2023,21:00,Villarreal,Las Palmas,1,1,D,15,12,4,4,5,5,4,4,0,0
SP1,09/09/2023,21:00,Almeria,Granada,3,2,H,21,14,6,5,8,4,2,3,0,0
SP1,09/09/2023,21:00,Athletic Bilbao,Girona,2,0,H,18,12,5,3,9,3,3,2,0,0
SP1,09/09/2023,21:00,Atletico Madrid,Getafe,1,1,D,15,14,4,4,3,2,4,1,0,0
SP1,09/09/2023,21:00,Barcelona,Cadiz,0,2,A,12,16,3,5,4,7,1,4,0,0
SP1,09/09/2023,21:00,Real Betis,Celta Vigo,3,0,H,21,9,6,3,5,6,2,3,0,0
SP1,16/09/2023,21:00,Alaves,Rayo Vallecano,2,1,H,14,15,5,4,8,3,2,4,0,0
SP1,16/09/2023,21:00,Real Madrid,Osasuna,3,2,H,17,17,6,5,9,2,1,3,0,0
SP1,16/09/2023,21:00,Real Sociedad,Mallorca,2,0,H,14,10,5,3,3,7,2,2,0,0
SP1,16/09/2023,21:00,Sevilla,Las Palmas,1,1,D,11,12,4,4,4,6,3,1,0,0
SP1,16/09/2023,21:00,Valencia,Granada,0,2,A,8,14,3,5,5,5,4,4,0,0
SP1,16/09/2023,21:00,Villarreal,Girona,3,0,H,17,12,6,3,6,4,1,3,0,0
SP1,16/09/2023,21:00,Almeria,Getafe,1,1,D,11,14,4,4,9,3,3,2,0,0
SP1,16/09/2023,21:00,Athletic Bilbao,Cadiz,0,2,A,8,16,3,5,3,2,4,1,0,0
SP1,16/09/2023,21:00,Atletico Madrid,Celta Vigo,3,0,H,17,9,6,3,4,7,1,4,0,0
SP1,16/09/2023,21:00,Barcelona,Real Betis,2,1,H,14,11,5,4,5,6,2,3,0,0
SP1,23/09/2023,21:00,Alaves,Osasuna,0,2,A,9,17,3,5,9,3,3,4,0,0
SP1,23/09/2023,21:00,Rayo Vallecano,Mallorca,2,0,H,15,10,5,3,9,2,1,3,0,0
SP1,23/09/2023,21:00,Real Madrid,Las Palmas,1,1,D,12,12,4,4,3,7,2,2,0,0
SP1,23/09/2023,21:00,Real Sociedad,Granada,0,2,A,9,14,3,5,4,6,3,1,0,0
SP1,23/09/2023,21:00,Sevilla,Girona,3,0,H,18,12,6,3,5,5,4,4,0,0
SP1,23/09/2023,21:00,Valencia,Getafe,2,1,H,15,14,5,4,6,4,1,3,0,0
SP1,23/09/2023,21:00,Villarreal,Cadiz,1,2,A,12,16,4,5,7,3,2,2,0,0
SP1,23/09/2023,21:00,Almeria,Celta Vigo,3,0,H,18,9,6,3,3,2,4,1,0,0
SP1,23/09/2023,21:00,Athletic Bilbao,Real Betis,2,1,H,15,11,5,4,4,7,1,4,0,0
SP1,23/09/2023,21:00,Atletico Madrid,Barcelona,1,2,A,12,18,4,5,5,6,2,3,0,0
SP1,30/09/2023,21:00,Alaves,Mallorca,2,0,H,16,10,5,3,3,3,4,4,0,0
SP1,30/09/2023,21:00,Osasuna,Las Palmas,1,1,D,13,12,4,4,9,2,1,3,0,0
SP1,30/09/2023,21:00,Rayo Vallecano,Granada,0,2,A,10,14,3,5,3,7,2,2,0,0
SP1,30/09/2023,21:00,Real Madrid,Girona,3,0,H,19,12,6,3,4,6,3,1,0,0
SP1,30/09/2023,21:00,Real Sociedad,Getafe,2,1,H,16,14,5,4,5,5,4,4,0,0
SP1,30/09/2023,21:00,Sevilla,Cadiz,1,2,A,13,16,4,5,6,4,1,3,0,0
SP1,30/09/2023,21:00,Valencia,Celta Vigo,0,0,D,10,9,3,3,7,3,2,2,0,0
SP1,30/09/2023,21:00,Villarreal,Real Betis,3,1,H,19,11,6,4,8,2,3,1,0,0
SP1,30/09/2023,21:00,Almeria,Barcelona,1,2,A,13,18,4,5,4,7,1,4,0,0
SP1,30/09/2023,21:00,Athletic Bilbao,Atletico Madrid,0,0,D,10,11,3,3,5,6,2,3,0,0
SP1,07/10/2023,21:00,Alaves,Las Palmas,0,1,A,11,12,3,4,4,3,1,4,0,0
SP1,07/10/2023,21:00,Mallorca,Granada,0,2,A,11,14,3,5,9,2,1,3,0,0
SP1,07/10/2023,21:00,Osasuna,Girona,3,0,H,20,12,6,3,3,7,2,2,0,0
SP1,07/10/2023,21:00,Rayo Vallecano,Getafe,2,1,H,17,14,5,4,4,6,3,1,0,0
SP1,07/10/2023,21:00,Real Madrid,Cadiz,1,2,A,14,16,4,5,5,5,4,4,0,0
SP1,07/10/2023,21:00,Real Sociedad,Celta Vigo,0,0,D,11,9,3,3,6,4,1,3,0,0
SP1,07/10/2023,21:00,Sevilla,Real Betis,3,1,H,20,11,6,4,7,3,2,2,0,0
SP1,07/10/2023,21:00,Valencia,Barcelona,2,2,D,17,18,5,5,8,2,3,1,0,0
SP1,07/10/2023,21:00,Villarreal,Atletico Madrid,1,0,H,14,11,4,3,9,7,4,4,0,0
SP1,07/10/2023,21:00,Almeria,Athletic Bilbao,3,1,H,20,13,6,4,5,6,2,3,0,0
SP1,14/10/2023,21:00,Alaves,Granada,2,2,D,18,14,5,5,5,3,2,4,0,0
SP1,14/10/2023,21:00,Las Palmas,Girona,3,0,H,21,12,6,3,9,2,1,3,0,0
SP1,14/10/2023,21:00,Mallorca,Getafe,2,1,H,18,14,5,4,3,7,2,2,0,0
SP1,14/10/2023,21:00,Osasuna,Cadiz,1,2,A,15,16,4,5,4,6,3,1,0,0
SP1,14/10/2023,21:00,Rayo Vallecano,Celta Vigo,0,0,D,12,9,3,3,5,5,4,4,0,0
SP1,14/10/2023,21:00,Real Madrid,Real Betis,3,1,H,21,11,6,4,6,4,1,3,0,0
SP1,14/10/2023,21:00,Real Sociedad,Barcelona,2,2,D,18,18,5,5,7,3,2,2,0,0
SP1,14/10/2023,21:00,Sevilla,Atletico Madrid,1,0,H,15,11,4,3,8,2,3,1,0,0
SP1,14/10/2023,21:00,Valencia,Athletic Bilbao,0,1,A,12,13,3,4,9,7,4,4,0,0
SP1,14/10/2023,21:00,Villarreal,Almeria,3,2,H,21,15,6,5,3,6,1,3,0,0
SP1,21/10/2023,21:00,Alaves,Girona,0,0,D,8,12,3,3,6,3,3,4,0,0
SP1,21/10/2023,21:00,Granada,Getafe,2,1,H,14,14,5,4,9,2,1,3,0,0
SP1,21/10/2023,21:00,Las Palmas,Cadiz,1,2,A,11,16,4,5,3,7,2,2,0,0
SP1,21/10/2023,21:00,Mallorca,Celta Vigo,0,0,D,8,9,3,3,4,6,3,1,0,0
SP1,21/10/2023,21:00,Osasuna,Real Betis,3,1,H,17,11,6,4,5,5,4,4,0,0
SP1,21/10/2023,21:00,Rayo Vallecano,Barcelona,2,2,D,14,18,5,5,6,4,1,3,0,0
SP1,21/10/2023,21:00,Real Madrid,Atletico Madrid,1,0,H,11,11,4,3,7,3,2,2,0,0
SP1,21/10/2023,21:00,Real Sociedad,Athletic Bilbao,0,1,A,8,13,3,4,8,2,3,1,0,0
SP1,21/10/2023,21:00,Sevilla,Almeria,3,2,H,17,15,6,5,9,7,4,4,0,0
SP1,21/10/2023,21:00,Valencia,Villarreal,2,2,D,14,18,5,5,3,7,1,2,0,0
SP1,28/10/2023,21:00,Alaves,Getafe,2,1,H,15,14,5,4,7,3,4,4,0,0
SP1,28/10/2023,21:00,Girona,Cadiz,1,2,A,12,16,4,5,9,2,1,3,0,0
SP1,28/10/2023,21:00,Granada,Celta Vigo,0,0,D,9,9,3,3,3,7,2,2,0,0
SP1,28/10/2023,21:00,Las Palmas,Real Betis,3,1,H,18,11,6,4,4,6,3,1,0,0
SP1,28/10/2023,21:00,Mallorca,Barcelona,2,2,D,15,18,5,5,5,5,4,4,0,0
SP1,28/10/2023,21:00,Osasuna,Atletico Madrid,1,0,H,12,11,4,3,6,4,1,3,0,0
SP1,28/10/2023,21:00,Rayo Vallecano,Athletic Bilbao,0,1,A,9,13,3,4,7,3,2,2,0,0
SP1,28/10/2023,21:00,Real Madrid,Almeria,3,2,H,18,15,6,5,8,2,3,1,0,0
SP1,28/10/2023,21:00,Real Sociedad,Villarreal,2,2,D,15,18,5,5,9,2,4,3,0,0
SP1,28/10/2023,21:00,Sevilla,Valencia,1,0,H,12,11,4,3,3,7,1,2,0,0
SP1,04/11/2023,21:00,Alaves,Cadiz,0,2,A,10,16,3,5,8,3,1,4,0,0
SP1,04/11/2023,21:00,Getafe,Celta Vigo,0,0,D,10,9,3,3,9,2,1,3,0,0
SP1,04/11/2023,21:00,Girona,Real Betis,3,1,H,19,11,6,4,3,7,2,2,0,0
SP1,04/11/2023,21:00,Granada,Barcelona,2,2,D,16,18,5,5,4,6,3,1,0,0
SP1,04/11/2023,21:00,Las Palmas,Atletico Madrid,1,0,H,13,11,4,3,5,5,4,4,0,0
SP1,04/11/2023,21:00,Mallorca,Athletic Bilbao,0,1,A,10,13,3,4,6,4,1,3,0,0
SP1,04/11/2023,21:00,Osasuna,Almeria,3,2,H,19,15,6,5,7,3,2,2,0,0
SP1,04/11/2023,21:00,Rayo Vallecano,Villarreal,2,2,D,16,18,5,5,8,3,3,4,0,0
SP1,04/11/2023,21:00,Real Madrid,Valencia,1,0,H,13,11,4,3,9,2,4,3,0,0
SP1,04/11/2023,21:00,Real Sociedad,Sevilla,0,1,A,10,13,3,4,3,7,1,2,0,0
SP1,11/11/2023,21:00,Alaves,Celta Vigo,2,0,H,17,9,5,3,9,3,2,4,0,0
SP1,11/11/2023,21:00,Cadiz,Real Betis,3,1,H,20,11,6,4,9,2,1,3,0,0
SP1,11/11/2023,21:00,Getafe,Barcelona,2,2,D,17,18,5,5,3,7,2,2,0,0
SP1,11/11/2023,21:00,Girona,Atletico Madrid,1,0,H,14,11,4,3,4,6,3,1,0,0
SP1,11/11/2023,21:00,Granada,Athletic Bilbao,0,1,A,11,13,3,4,5,5,4,4,0,0
SP1,11/11/2023,21:00,Las Palmas,Almeria,3,2,H,20,15,6,5,6,4,1,3,0,0
SP1,11/11/2023,21:00,Mallorca,Villarreal,2,2,D,17,18,5,5,7,4,2,1,0,0
SP1,11/11/2023,21:00,Osasuna,Valencia,1,0,H,14,11,4,3,8,3,3,4,0,0
SP1,11/11/2023,21:00,Rayo Vallecano,Sevilla,0,1,A,11,13,3,4,9,2,4,3,0,0
SP1,11/11/2023,21:00,Real Madrid,Real Sociedad,3,2,H,20,15,6,5,3,7,1,2,0,0
SP1,18/11/2023,21:00,Alaves,Real Betis,0,1,A,12,11,3,4,3,3,3,4,0,0
SP1,18/11/2023,21:00,Celta Vigo,Barcelona,2,2,D,18,18,5,5,9,2,1,3,0,0
SP1,18/11/2023,21:00,Cadiz,Atletico Madrid,1,0,H,15,11,4,3,3,7,2,2,0,0
SP1,18/11/2023,21:00,Getafe,Athletic Bilbao,0,1,A,12,13,3,4,4,6,3,1,0,0
SP1,18/11/2023,21:00,Girona,Almeria,3,2,H,21,15,6,5,5,5,4,4,0,0
SP1,18/11/2023,21:00,Granada,Villarreal,2,2,D,18,18,5,5,6,5,1,2,0,0
SP1,18/11/2023,21:00,Las Palmas,Valencia,1,0,H,15,11,4,3,7,4,2,1,0,0
SP1,18/11/2023,21:00,Mallorca,Sevilla,0,1,A,12,13,3,4,8,3,3,4,0,0
SP1,18/11/2023,21:00,Osasuna,Real Sociedad,3,2,H,21,15,6,5,9,2,4,3,0,0
SP1,18/11/2023,21:00,Rayo Vallecano,Real Madrid,2,0,H,18,8,5,3,3,7,1,2,0,0
SP1,25/11/2023,21:00,Alaves,Barcelona,2,2,D,14,18,5,5,4,3,4,4,0,0
SP1,25/11/2023,21:00,Real Betis,Atletico Madrid,1,0,H,11,11,4,3,9,2,1,3,0,0
SP1,25/11/2023,21:00,Celta Vigo,Athletic Bilbao,0,1,A,8,13,3,4,3,7,2,2,0,0
SP1,25/11/2023,21:00,Cadiz,Almeria,3,2,H,17,15,6,5,4,6,3,1,0,0
SP1,25/11/2023,21:00,Getafe,Villarreal,2,2,D,14,18,5,5,5,6,4,3,0,0
SP1,25/11/2023,21:00,Girona,Valencia,1,0,H,11,11,4,3,6,5,1,2,0,0
SP1,25/11/2023,21:00,Granada,Sevilla,0,1,A,8,13,3,4,7,4,2,1,0,0
SP1,25/11/2023,21:00,Las Palmas,Real Sociedad,3,2,H,17,15,6,5,8,3,3,4,0,0
SP1,25/11/2023,21:00,Mallorca,Real Madrid,2,0,H,14,8,5,3,9,2,4,3,0,0
SP1,25/11/2023,21:00,Osasuna,Rayo Vallecano,1,1,D,11,15,4,4,3,7,1,2,0,0
SP1,02/12/2023,21:00,Alaves,Atletico Madrid,0,0,D,9,11,3,3,5,3,1,4,0,0
SP1,02/12/2023,21:00,Barcelona,Athletic Bilbao,0,1,A,9,13,3,4,9,2,1,3,0,0
SP1,02/12/2023,21:00,Real Betis,Almeria,3,2,H,18,15,6,5,3,7,2,2,0,0
SP1,02/12/2023,21:00,Celta Vigo,Villarreal,2,2,D,15,18,5,5,4,7,3,4,0,0
SP1,02/12/2023,21:00,Cadiz,Valencia,1,0,H,12,11,4,3,5,6,4,3,0,0
SP1,02/12/2023,21:00,Getafe,Sevilla,0,1,A,9,13,3,4,6,5,1,2,0,0
SP1,02/12/2023,21:00,Girona,Real Sociedad,3,2,H,18,15,6,5,7,4,2,1,0,0
SP1,02/12/2023,21:00,Granada,Real Madrid,2,0,H,15,8,5,3,8,3,3,4,0,0
SP1,02/12/2023,21:00,Las Palmas,Rayo Vallecano,1,1,D,12,15,4,4,9,2,4,3,0,0
SP1,02/12/2023,21:00,Mallorca,Osasuna,0,2,A,9,17,3,5,3,7,1,2,0,0
SP1,09/12/2023,21:00,Alaves,Athletic Bilbao,2,1,H,16,13,5,4,6,3,2,4,0,0
SP1,09/12/2023,21:00,Atletico Madrid,Almeria,3,2,H,19,15,6,5,9,2,1,3,0,0
SP1,09/12/2023,21:00,Barcelona,Villarreal,2,2,D,16,18,5,5,3,2,2,1,0,0
SP1,09/12/2023,21:00,Real Betis,Valencia,1,0,H,13,11,4,3,4,7,3,4,0,0
SP1,09/12/2023,21:00,Celta Vigo,Sevilla,0,1,A,10,13,3,4,5,6,4,3,0,0
SP1,09/12/2023,21:00,Cadiz,Real Sociedad,3,2,H,19,15,6,5,6,5,1,2,0,0
SP1,09/12/2023,21:00,Getafe,Real Madrid,2,0,H,16,8,5,3,7,4,2,1,0,0
SP1,09/12/2023,21:00,Girona,Rayo Vallecano,1,1,D,13,15,4,4,8,3,3,4,0,0
SP1,09/12/2023,21:00,Granada,Osasuna,0,2,A,10,17,3,5,9,2,4,3,0,0
SP1,09/12/2023,21:00,Las Palmas,Mallorca,3,0,H,19,10,6,3,3,7,1,2,0,0
SP1,16/12/2023,21:00,Alaves,Almeria,0,2,A,11,15,3,5,7,3,3,4,0,0
SP1,16/12/2023,21:00,Athletic Bilbao,Villarreal,2,2,D,17,18,5,5,9,3,1,2,0,0
SP1,16/12/2023,21:00,Atletico Madrid,Valencia,1,0,H,14,11,4,3,3,2,2,1,0,0
SP1,16/12/2023,21:00,Barcelona,Sevilla,0,1,A,11,13,3,4,4,7,3,4,0,0
SP1,16/12/2023,21:00,Real Betis,Real Sociedad,3,2,H,20,15,6,5,5,6,4,3,0,0
SP1,16/12/2023,21:00,Celta Vigo,Real Madrid,2,0,H,17,8,5,3,6,5,1,2,0,0
SP1,16/12/2023,21:00,Cadiz,Rayo Vallecano,1,1,D,14,15,4,4,7,4,2,1,0,0
SP1,16/12/2023,21:00,Getafe,Osasuna,0,2,A,11,17,3,5,8,3,3,4,0,0
SP1,16/12/2023,21:00,Girona,Mallorca,3,0,H,20,10,6,3,9,2,4,3,0,0
SP1,16/12/2023,21:00,Granada,Las Palmas,2,1,H,17,12,5,4,3,7,1,2,0,0
SP1,23/12/2023,21:00,Villarreal,Alaves,3,0,H,21,8,6,3,6,3,3,4,0,0
SP1,23/12/2023,21:00,Valencia,Almeria,0,2,A,12,15,3,5,5,4,2,1,1,0
SP1,23/12/2023,21:00,Sevilla,Athletic Bilbao,1,1,D,15,13,4,4,4,5,1,2,0,0
SP1,23/12/2023,21:00,Real Sociedad,Atletico Madrid,2,0,H,18,11,5,3,3,6,4,3,0,0
SP1,23/12/2023,21:00,Real Madrid,Barcelona,3,2,H,21,18,6,5,9,7,3,4,0,0
SP1,23/12/2023,21:00,Rayo Vallecano,Real Betis,0,1,A,12,11,3,4,8,2,2,1,0,0
SP1,23/12/2023,21:00,Osasuna,Celta Vigo,1,0,H,15,9,4,3,7,3,1,2,0,0
SP1,23/12/2023,21:00,Mallorca,Cadiz,2,2,D,18,16,5,5,6,4,4,3,0,0
SP1,23/12/2023,21:00,Las Palmas,Getafe,3,1,H,21,14,6,4,5,5,3,4,0,0
SP1,23/12/2023,21:00,Granada,Girona,0,0,D,12,12,3,3,4,6,2,1,0,0
SP1,30/12/2023,21:00,Valencia,Alaves,2,0,H,14,8,5,3,6,4,3,1,0,0
SP1,30/12/2023,21:00,Sevilla,Villarreal,3,2,H,17,18,6,5,5,5,2,4,1,0
SP1,30/12/2023,21:00,Real Sociedad,Almeria,0,2,A,8,15,3,5,4,5,1,2,0,0
SP1,30/12/2023,21:00,Real Madrid,Athletic Bilbao,1,1,D,11,13,4,4,3,6,4,3,0,0
SP1,30/12/2023,21:00,Rayo Vallecano,Atletico Madrid,2,0,H,14,11,5,3,9,7,3,4,0,0
SP1,30/12/2023,21:00,Osasuna,Barcelona,3,2,H,17,18,6,5,8,2,2,1,0,0
SP1,30/12/2023,21:00,Mallorca,Real Betis,0,1,A,8,11,3,4,7,3,1,2,0,0
SP1,30/12/2023,21:00,Las Palmas,Celta Vigo,1,0,H,11,9,4,3,6,4,4,3,0,0
SP1,30/12/2023,21:00,Granada,Cadiz,2,2,D,14,16,5,5,5,5,3,4,0,0
SP1,30/12/2023,21:00,Girona,Getafe,3,1,H,17,14,6,4,4,6,2,1,0,0
SP1,06/01/2024,21:00,Sevilla,Alaves,1,0,H,12,8,4,3,6,5,3,2,0,0
SP1,06/01/2024,21:00,Real Sociedad,Valencia,2,0,H,15,11,5,3,5,5,2,4,1,0
SP1,06/01/2024,21:00,Real Madrid,Villarreal,3,2,H,18,18,6,5,4,6,1,1,0,0
SP1,06/01/2024,21:00,Rayo Vallecano,Almeria,0,2,A,9,15,3,5,3,6,4,3,0,0
SP1,06/01/2024,21:00,Osasuna,Athletic Bilbao,1,1,D,12,13,4,4,9,7,3,4,0,0
SP1,06/01/2024,21:00,Mallorca,Atletico Madrid,2,0,H,15,11,5,3,8,2,2,1,0,0
SP1,06/01/2024,21:00,Las Palmas,Barcelona,3,2,H,18,18,6,5,7,3,1,2,0,0
SP1,06/01/2024,21:00,Granada,Real Betis,0,1,A,9,11,3,4,6,4,4,3,0,0
SP1,06/01/2024,21:00,Girona,Celta Vigo,1,0,H,12,9,4,3,5,5,3,4,0,0
SP1,06/01/2024,21:00,Getafe,Cadiz,2,2,D,15,16,5,5,4,6,2,1,0,0
SP1,13/01/2024,21:00,Real Sociedad,Alaves,0,0,D,10,8,3,3,6,6,3,3,0,0
SP1,13/01/2024,21:00,Real Madrid,Sevilla,1,1,D,13,13,4,4,5,5,2,4,1,0
SP1,13/01/2024,21:00,Rayo Vallecano,Valencia,2,0,H,16,11,5,3,4,6,1,1,0,0
SP1,13/01/2024,21:00,Osasuna,Villarreal,3,2,H,19,18,6,5,3,7,4,2,0,1
SP1,13/01/2024,21:00,Mallorca,Almeria,0,2,A,10,15,3,5,9,7,3,4,0,0
SP1,13/01/2024,21:00,Las Palmas,Athletic Bilbao,1,1,D,13,13,4,4,8,2,2,1,0,0
SP1,13/01/2024,21:00,Granada,Atletico Madrid,2,0,H,16,11,5,3,7,3,1,2,0,0
SP1,13/01/2024,21:00,Girona,Barcelona,3,2,H,19,18,6,5,6,4,4,3,0,0
SP1,13/01/2024,21:00,Getafe,Real Betis,0,1,A,10,11,3,4,5,5,3,4,0,0
SP1,13/01/2024,21:00,Cadiz,Celta Vigo,1,0,H,13,9,4,3,4,6,2,1,0,0
SP1,20/01/2024,21:00,Real Madrid,Alaves,3,0,H,20,8,6,3,6,7,3,4,0,0
SP1,20/01/2024,21:00,Rayo Vallecano,Real Sociedad,0,2,A,11,15,3,5,5,5,2,4,1,0
SP1,20/01/2024,21:00,Osasuna,Sevilla,1,1,D,14,13,4,4,4,6,1,1,0,0
SP1,20/01/2024,21:00,Mallorca,Valencia,2,0,H,17,11,5,3,3,7,4,2,0,1
SP1,20/01/2024,21:00,Las Palmas,Villarreal,3,2,H,20,18,6,5,9,2,3,3,0,0
SP1,20/01/2024,21:00,Granada,Almeria,0,2,A,11,15,3,5,8,2,2,1,0,0
SP1,20/01/2024,21:00,Girona,Athletic Bilbao,1,1,D,14,13,4,4,7,3,1,2,0,0
SP1,20/01/2024,21:00,Getafe,Atletico Madrid,2,0,H,17,11,5,3,6,4,4,3,0,0
SP1,20/01/2024,21:00,Cadiz,Barcelona,3,2,H,20,18,6,5,5,5,3,4,0,0
SP1,20/01/2024,21:00,Celta Vigo,Real Betis,0,1,A,11,11,3,4,4,6,2,1,0,0
SP1,27/01/2024,21:00,Rayo Vallecano,Alaves,2,0,H,18,8,5,3,6,2,3,1,0,0
SP1,27/01/2024,21:00,Osasuna,Real Madrid,3,0,H,21,8,6,3,5,5,2,4,1,0
SP1,27/01/2024,21:00,Mallorca,Real Sociedad,0,2,A,12,15,3,5,4,6,1,1,0,0
SP1,27/01/2024,21:00,Las Palmas,Sevilla,1,1,D,15,13,4,4,3,7,4,2,0,1
SP1,27/01/2024,21:00,Granada,Valencia,2,0,H,18,11,5,3,9,2,3,3,0,0
SP1,27/01/2024,21:00,Girona,Villarreal,3,2,H,21,18,6,5,8,3,2,4,0,0
SP1,27/01/2024,21:00,Getafe,Almeria,0,2,A,12,15,3,5,7,3,1,2,0,0
SP1,27/01/2024,21:00,Cadiz,Athletic Bilbao,1,1,D,15,13,4,4,6,4,4,3,0,0
SP1,27/01/2024,21:00,Celta Vigo,Atletico Madrid,2,0,H,18,11,5,3,5,5,3,4,0,0
SP1,27/01/2024,21:00,Real Betis,Barcelona,3,2,H,21,18,6,5,4,6,2,1,0,0
SP1,03/02/2024,21:00,Osasuna,Alaves,1,0,H,11,8,4,3,6,3,3,2,0,0
SP1,03/02/2024,21:00,Mallorca,Rayo Vallecano,2,1,H,14,15,5,4,5,5,2,4,1,0
SP1,03/02/2024,21:00,Las Palmas,Real Madrid,3,0,H,17,8,6,3,4,6,1,1,0,0
SP1,03/02/2024,21:00,Granada,Real Sociedad,0,2,A,8,15,3,5,3,7,4,2,0,1
SP1,03/02/2024,21:00,Girona,Sevilla,1,1,D,11,13,4,4,9,2,3,3,0,0
SP1,03/02/2024,21:00,Getafe,Valencia,2,0,H,14,11,5,3,8,3,2,4,0,0
SP1,03/02/2024,21:00,Cadiz,Villarreal,3,2,H,17,18,6,5,7,4,1,1,0,0
SP1,03/02/2024,21:00,Celta Vigo,Almeria,0,2,A,8,15,3,5,6,4,4,3,0,0
SP1,03/02/2024,21:00,Real Betis,Athletic Bilbao,1,1,D,11,13,4,4,5,5,3,4,0,0
SP1,03/02/2024,21:00,Barcelona,Atletico Madrid,2,0,H,14,11,5,3,4,6,2,1,0,0
SP1,10/02/2024,21:00,Mallorca,Alaves,0,0,D,9,8,3,3,6,4,3,3,0,0
SP1,10/02/2024,21:00,Las Palmas,Osasuna,1,2,A,12,17,4,5,5,5,2,4,1,0
SP1,10/02/2024,21:00,Granada,Rayo Vallecano,2,1,H,15,15,5,4,4,6,1,1,0,0
SP1,10/02/2024,21:00,Girona,Real Madrid,3,0,H,18,8,6,3,3,7,4,2,0,1
SP1,10/02/2024,21:00,Getafe,Real Sociedad,0,2,A,9,15,3,5,9,2,3,3,0,0
SP1,10/02/2024,21:00,Cadiz,Sevilla,1,1,D,12,13,4,4,8,3,2,4,0,0
SP1,10/02/2024,21:00,Celta Vigo,Valencia,2,0,H,15,11,5,3,7,4,1,1,0,0
SP1,10/02/2024,21:00,Real Betis,Villarreal,3,2,H,18,18,6,5,6,5,4,2,0,0
SP1,10/02/2024,21:00,Barcelona,Almeria,0,2,A,9,15,3,5,5,5,3,4,0,0
SP1,10/02/2024,21:00,Atletico Madrid,Athletic Bilbao,1,1,D,12,13,4,4,4,6,2,1,0,0
SP1,17/02/2024,21:00,Las Palmas,Alaves,3,0,H,19,8,6,3,6,5,3,4,0,0
SP1,17/02/2024,21:00,Granada,Mallorca,0,0,D,10,10,3,3,5,5,2,4,1,0
SP1,17/02/2024,21:00,Girona,Osasuna,1,2,A,13,17,4,5,4,6,1,1,0,0
SP1,17/02/2024,21:00,Getafe,Rayo Vallecano,2,1,H,16,15,5,4,3,7,4,2,0,1
SP1,17/02/2024,21:00,Cadiz,Real Madrid,3,0,H,19,8,6,3,9,2,3,3,0,0
SP1,17/02/2024,21:00,Celta Vigo,Real Sociedad,0,2,A,10,15,3,5,8,3,2,4,0,0
SP1,17/02/2024,21:00,Real Betis,Sevilla,1,1,D,13,13,4,4,7,4,1,1,0,0
SP1,17/02/2024,21:00,Barcelona,Valencia,2,0,H,16,11,5,3,6,5,4,2,0,0
SP1,17/02/2024,21:00,Atletico Madrid,Villarreal,3,2,H,19,18,6,5,5,6,3,3,0,0
SP1,17/02/2024,21:00,Athletic Bilbao,Almeria,0,2,A,10,15,3,5,4,6,2,1,0,0
SP1,24/02/2024,21:00,Granada,Alaves,2,0,H,17,8,5,3,6,6,3,1,0,0
SP1,24/02/2024,21:00,Girona,Las Palmas,3,1,H,20,12,6,4,5,5,2,4,1,0
SP1,24/02/2024,21:00,Getafe,Mallorca,0,0,D,11,10,3,3,4,6,1,1,0,0
SP1,24/02/2024,21:00,Cadiz,Osasuna,1,2,A,14,17,4,5,3,7,4,2,0,1
SP1,24/02/2024,21:00,Celta Vigo,Rayo Vallecano,2,1,H,17,15,5,4,9,2,3,3,0,0
SP1,24/02/2024,21:00,Real Betis,Real Madrid,3,0,H,20,8,6,3,8,3,2,4,0,0
SP1,24/02/2024,21:00,Barcelona,Real Sociedad,0,2,A,11,15,3,5,7,4,1,1,0,0
SP1,24/02/2024,21:00,Atletico Madrid,Sevilla,1,1,D,14,13,4,4,6,5,4,2,0,0
SP1,24/02/2024,21:00,Athletic Bilbao,Valencia,2,0,H,17,11,5,3,5,6,3,3,0,0
SP1,24/02/2024,21:00,Almeria,Villarreal,3,2,H,20,18,6,5,4,7,2,4,0,0
SP1,02/03/2024,21:00,Girona,Alaves,1,0,H,15,8,4,3,6,7,3,2,0,0
SP1,02/03/2024,21:00,Getafe,Granada,2,2,D,18,14,5,5,5,5,2,4,1,0
SP1,02/03/2024,21:00,Cadiz,Las Palmas,3,1,H,21,12,6,4,4,6,1,1,0,0
SP1,02/03/2024,21:00,Celta Vigo,Mallorca,0,0,D,12,10,3,3,3,7,4,2,0,1
SP1,02/03/2024,21:00,Real Betis,Osasuna,1,2,A,15,17,4,5,9,2,3,3,0,0
SP1,02/03/2024,21:00,Barcelona,Rayo Vallecano,2,1,H,18,15,5,4,8,3,2,4,0,0
SP1,02/03/2024,21:00,Atletico Madrid,Real Madrid,3,0,H,21,8,6,3,7,4,1,1,0,0
SP1,02/03/2024,21:00,Athletic Bilbao,Real Sociedad,0,2,A,12,15,3,5,6,5,4,2,0,0
SP1,02/03/2024,21:00,Almeria,Sevilla,1,1,D,15,13,4,4,5,6,3,3,0,0
SP1,02/03/2024,21:00,Villarreal,Valencia,3,0,H,21,11,6,3,9,7,1,4,0,0
SP1,09/03/2024,21:00,Getafe,Alaves,0,0,D,8,8,3,3,6,2,3,3,0,0
SP1,09/03/2024,21:00,Cadiz,Girona,1,0,H,11,12,4,3,5,5,2,4,1,0
SP1,09/03/2024,21:00,Celta Vigo,Granada,2,2,D,14,14,5,5,4,6,1,1,0,0
SP1,09/03/2024,21:00,Real Betis,Las Palmas,3,1,H,17,12,6,4,3,7,4,2,0,1
SP1,09/03/2024,21:00,Barcelona,Mallorca,0,0,D,8,10,3,3,9,2,3,3,0,0
SP1,09/03/2024,21:00,Atletico Madrid,Osasuna,1,2,A,11,17,4,5,8,3,2,4,0,0
SP1,09/03/2024,21:00,Athletic Bilbao,Rayo Vallecano,2,1,H,14,15,5,4,7,4,1,1,0,0
SP1,09/03/2024,21:00,Almeria,Real Madrid,3,0,H,17,8,6,3,6,5,4,2,0,0
SP1,09/03/2024,21:00,Villarreal,Real Sociedad,1,2,A,11,15,4,5,3,6,2,3,0,0
SP1,09/03/2024,21:00,Valencia,Sevilla,2,1,H,14,13,5,4,9,7,1,4,0,0
SP1,16/03/2024,21:00,Cadiz,Alaves,3,0,H,18,8,6,3,6,3,3,4,0,0
SP1,16/03/2024,21:00,Celta Vigo,Getafe,0,1,A,9,14,3,4,5,5,2,4,1,0
SP1,16/03/2024,21:00,Real Betis,Girona,1,0,H,12,12,4,3,4,6,1,1,0,0
SP1,16/03/2024,21:00,Barcelona,Granada,2,2,D,15,14,5,5,3,7,4,2,0,1
SP1,16/03/2024,21:00,Atletico Madrid,Las Palmas,3,1,H,18,12,6,4,9,2,3,3,0,0
SP1,16/03/2024,21:00,Athletic Bilbao,Mallorca,0,0,D,9,10,3,3,8,3,2,4,0,0
SP1,16/03/2024,21:00,Almeria,Osasuna,1,2,A,12,17,4,5,7,4,1,1,0,0
SP1,16/03/2024,21:00,Villarreal,Rayo Vallecano,3,1,H,18,15,6,4,4,5,3,2,0,0
SP1,16/03/2024,21:00,Valencia,Real Madrid,0,0,D,9,8,3,3,3,6,2,3,0,0
SP1,16/03/2024,21:00,Sevilla,Real Sociedad,1,2,A,12,15,4,5,9,7,1,4,0,0
SP1,23/03/2024,21:00,Celta Vigo,Alaves,2,0,H,16,8,5,3,6,4,3,1,0,0
SP1,23/03/2024,21:00,Real Betis,Cadiz,3,2,H,19,16,6,5,5,5,2,4,1,0
SP1,23/03/2024,21:00,Barcelona,Getafe,0,1,A,10,14,3,4,4,6,1,1,0,0
SP1,23/03/2024,21:00,Atletico Madrid,Girona,1,0,H,13,12,4,3,3,7,4,2,0,1
SP1,23/03/2024,21:00,Athletic Bilbao,Granada,2,2,D,16,14,5,5,9,2,3,3,0,0
SP1,23/03/2024,21:00,Almeria,Las Palmas,3,1,H,19,12,6,4,8,3,2,4,0,0
SP1,23/03/2024,21:00,Villarreal,Mallorca,1,0,H,13,10,4,3,5,4,4,1,0,0
SP1,23/03/2024,21:00,Valencia,Osasuna,2,2,D,16,17,5,5,4,5,3,2,0,0
SP1,23/03/2024,21:00,Sevilla,Rayo Vallecano,3,1,H,19,15,6,4,3,6,2,3,0,0
SP1,23/03/2024,21:00,Real Sociedad,Real Madrid,0,0,D,10,8,3,3,9,7,1,4,0,0
SP1,30/03/2024,21:00,Real Betis,Alaves,1,0,H,14,8,4,3,6,5,3,2,0,0
SP1,30/03/2024,21:00,Barcelona,Celta Vigo,2,0,H,17,9,5,3,5,5,2,4,1,0
SP1,30/03/2024,21:00,Atletico Madrid,Cadiz,3,2,H,20,16,6,5,4,6,1,1,0,0
SP1,30/03/2024,21:00,Athletic Bilbao,Getafe,0,1,A,11,14,3,4,3,7,4,2,0,1
SP1,30/03/2024,21:00,Almeria,Girona,1,0,H,14,12,4,3,9,2,3,3,0,0
SP1,30/03/2024,21:00,Villarreal,Granada,3,2,H,20,14,6,5,6,3,1,4,0,0
SP1,30/03/2024,21:00,Valencia,Las Palmas,0,1,A,11,12,3,4,5,4,4,1,0,0
SP1,30/03/2024,21:00,Sevilla,Mallorca,1,0,H,14,10,4,3,4,5,3,2,0,0
SP1,30/03/2024,21:00,Real Sociedad,Osasuna,2,2,D,17,17,5,5,3,6,2,3,0,0
SP1,30/03/2024,21:00,Real Madrid,Rayo Vallecano,3,1,H,20,15,6,4,9,7,1,4,0,0
SP1,06/04/2024,21:00,Barcelona,Alaves,0,0,D,12,8,3,3,6,6,3,3,0,0
SP1,06/04/2024,21:00,Atletico Madrid,Real Betis,1,1,D,15,11,4,4,5,5,2,4,1,0
SP1,06/04/2024,21:00,Athletic Bilbao,Celta Vigo,2,0,H,18,9,5,3,4,6,1,1,0,0
SP1,06/04/2024,21:00,Almeria,Cadiz,3,2,H,21,16,6,5,3,7,4,2,0,1
SP1,06/04/2024,21:00,Villarreal,Getafe,1,1,D,15,14,4,4,7,2,2,3,0,0
SP1,06/04/2024,21:00,Valencia,Girona,2,0,H,18,12,5,3,6,3,1,4,0,0
SP1,06/04/2024,21:00,Sevilla,Granada,3,2,H,21,14,6,5,5,4,4,1,0,0
SP1,06/04/2024,21:00,Real Sociedad,Las Palmas,0,1,A,12,12,3,4,4,5,3,2,0,0
SP1,06/04/2024,21:00,Real Madrid,Mallorca,1,0,H,15,10,4,3,3,6,2,3,0,0
SP1,06/04/2024,21:00,Rayo Vallecano,Osasuna,2,2,D,18,17,5,5,9,7,1,4,0,0
SP1,13/04/2024,21:00,Atletico Madrid,Alaves,3,0,H,17,8,6,3,6,7,3,4,0,0
SP1,13/04/2024,21:00,Athletic Bilbao,Barcelona,0,2,A,8,18,3,5,5,5,2,4,1,0
SP1,13/04/2024,21:00,Almeria,Real Betis,1,1,D,11,11,4,4,4,6,1,1,0,0
SP1,13/04/2024,21:00,Villarreal,Celta Vigo,3,0,H,17,9,6,3,8,7,3,2,0,1
SP1,13/04/2024,21:00,Valencia,Cadiz,0,2,A,8,16,3,5,7,2,2,3,0,0
SP1,13/04/2024,21:00,Sevilla,Getafe,1,1,D,11,14,4,4,6,3,1,4,0,0
SP1,13/04/2024,21:00,Real Sociedad,Girona,2,0,H,14,12,5,3,5,4,4,1,0,0
SP1,13/04/2024,21:00,Real Madrid,Granada,3,2,H,17,14,6,5,4,5,3,2,0,0
SP1,13/04/2024,21:00,Rayo Vallecano,Las Palmas,0,1,A,8,12,3,4,3,6,2,3,0,0
SP1,13/04/2024,21:00,Osasuna,Mallorca,1,0,H,11,10,4,3,9,7,1,4,0,0
SP1,20/04/2024,21:00,Athletic Bilbao,Alaves,2,0,H,15,8,5,3,6,2,3,1,0,0
SP1,20/04/2024,21:00,Almeria,Atletico Madrid,3,0,H,18,11,6,3,5,5,2,4,1,0
SP1,20/04/2024,21:00,Villarreal,Barcelona,1,2,A,12,18,4,5,9,6,4,1,0,0
SP1,20/04/2024,21:00,Valencia,Real Betis,2,1,H,15,11,5,4,8,7,3,2,0,1
SP1,20/04/2024,21:00,Sevilla,Celta Vigo,3,0,H,18,9,6,3,7,2,2,3,0,0
SP1,20/04/2024,21:00,Real Sociedad,Cadiz,0,2,A,9,16,3,5,6,3,1,4,0,0
SP1,20/04/2024,21:00,Real Madrid,Getafe,1,1,D,12,14,4,4,5,4,4,1,0,0
SP1,20/04/2024,21:00,Rayo Vallecano,Girona,2,0,H,15,12,5,3,4,5,3,2,0,0
SP1,20/04/2024,21:00,Osasuna,Granada,3,2,H,18,14,6,5,3,6,2,3,0,0
SP1,20/04/2024,21:00,Mallorca,Las Palmas,0,1,A,9,12,3,4,9,7,1,4,0,0
SP1,27/04/2024,21:00,Almeria,Alaves,1,0,H,13,8,4,3,6,3,3,2,0,0
SP1,27/04/2024,21:00,Villarreal,Athletic Bilbao,3,1,H,19,13,6,4,3,5,1,4,0,0
SP1,27/04/2024,21:00,Valencia,Atletico Madrid,0,0,D,10,11,3,3,9,6,4,1,0,0
SP1,27/04/2024,21:00,Sevilla,Barcelona,1,2,A,13,18,4,5,8,7,3,2,0,1
SP1,27/04/2024,21:00,Real Sociedad,Real Betis,2,1,H,16,11,5,4,7,2,2,3,0,0
SP1,27/04/2024,21:00,Real Madrid,Celta Vigo,3,0,H,19,9,6,3,6,3,1,4,0,0
SP1,27/04/2024,21:00,Rayo Vallecano,Cadiz,0,2,A,10,16,3,5,5,4,4,1,0,0
SP1,27/04/2024,21:00,Osasuna,Getafe,1,1,D,13,14,4,4,4,5,3,2,0,0
SP1,27/04/2024,21:00,Mallorca,Girona,2,0,H,16,12,5,3,3,6,2,3,0,0
SP1,27/04/2024,21:00,Las Palmas,Granada,3,2,H,19,14,6,5,9,7,1,4,0,0